;dt;stock_symbol;sentiment_bullish;sentiment_not_bullish;Adj Close;Close;High;Low;Open;Volume
0;2021-01-04;GME;650.7;0.0;17.25;17.25;19.100000381469727;17.149999618530273;19.0;10022500.0
1;2021-01-05;GME;0.0;2169.93;17.3700008392334;17.3700008392334;18.079999923706055;17.229999542236328;17.350000381469727;4961500.0
2;2021-01-06;GME;20124.22;6586.41;18.360000610351562;18.360000610351562;18.979999542236328;17.329999923706055;17.34000015258789;6056200.0
3;2021-01-07;GME;0.0;1428.81;18.079999923706055;18.079999923706055;19.450000762939453;18.020000457763672;18.469999313354492;6129300.0
4;2021-01-08;GME;683.52;925.38;17.690000534057617;17.690000534057617;18.299999237060547;17.079999923706055;18.18000030517578;6482000.0
5;2021-01-09;GME;0.0;1626.44;17.690000534057617;17.690000534057617;18.299999237060547;17.079999923706055;18.18000030517578;6482000.0
6;2021-01-10;GME;0.0;798.06;17.690000534057617;17.690000534057617;18.299999237060547;17.079999923706055;18.18000030517578;6482000.0
7;2021-01-11;GME;2924.33;660.48;19.940000534057617;19.940000534057617;20.649999618530273;19.010000228881836;19.40999984741211;14908000.0
8;2021-01-12;GME;15415.4;7668.66;19.950000762939453;19.950000762939453;20.399999618530273;19.31999969482422;19.959999084472656;7060700.0
9;2021-01-13;GME;4854.96;0.0;31.399999618530273;31.399999618530273;38.650001525878906;20.030000686645508;20.420000076293945;144501700.0
10;2021-01-14;GME;92639.70999999999;50791.42;39.90999984741211;39.90999984741211;43.060001373291016;33.04999923706055;38.09000015258789;93717400.0
11;2021-01-15;GME;91852.77;25292.3;35.5;35.5;40.75;34.0099983215332;38.4900016784668;46866400.0
12;2021-01-16;GME;36403.31;17112.629999999997;35.5;35.5;40.75;34.0099983215332;38.4900016784668;46866400.0
13;2021-01-17;GME;16908.539999999997;9048.759999999998;35.5;35.5;40.75;34.0099983215332;38.4900016784668;46866400.0
14;2021-01-18;GME;7338.96;16299.31;35.5;35.5;40.75;34.0099983215332;38.4900016784668;46866400.0
15;2021-01-19;GME;20232.5;22286.9;39.36000061035156;39.36000061035156;45.52000045776367;36.63999938964844;41.54999923706055;74721900.0
16;2021-01-20;GME;78730.25;35748.75;39.119998931884766;39.119998931884766;41.189998626708984;36.060001373291016;37.369998931884766;33471800.0
17;2021-01-21;GME;24621.6;32683.55;43.029998779296875;43.029998779296875;44.75;37.0;39.22999954223633;56216900.0
18;2021-01-22;GME;45410.11;36296.38;65.01000213623047;65.01000213623047;76.76000213623047;42.31999969482422;42.59000015258789;197157900.0
19;2021-01-23;GME;153724.67;46791.369999999995;65.01000213623047;65.01000213623047;76.76000213623047;42.31999969482422;42.59000015258789;197157900.0
20;2021-01-24;GME;38609.23;10547.3;65.01000213623047;65.01000213623047;76.76000213623047;42.31999969482422;42.59000015258789;197157900.0
21;2021-01-25;GME;46364.72;74239.41;76.79000091552734;76.79000091552734;159.17999267578125;61.130001068115234;96.7300033569336;177874000.0
22;2021-01-26;GME;215592.65999999997;147310.87;147.97999572753906;147.97999572753906;150.0;80.19999694824219;88.55999755859375;178588000.0
23;2021-01-27;GME;28459.82;30630.49;347.510009765625;347.510009765625;380.0;249.0;354.8299865722656;93396700.0
24;2021-01-28;GME;360913.71;441758.6;193.60000610351562;193.60000610351562;483.0;112.25;265.0;58815800.0
25;2021-01-29;GME;773620.3099999999;486335.59;325.0;325.0;413.9800109863281;250.0;379.7099914550781;50566100.0
26;2021-01-30;GME;856775.45;848396.91;325.0;325.0;413.9800109863281;250.0;379.7099914550781;50566100.0
27;2021-01-31;GME;409027.69;432427.04000000004;325.0;325.0;413.9800109863281;250.0;379.7099914550781;50566100.0
28;2021-02-01;GME;288302.79;470210.43999999994;225.0;225.0;322.0;212.0;316.55999755859375;37382200.0
29;2021-02-02;GME;423148.63;531120.12;90.0;90.0;158.0;74.22000122070312;140.75999450683594;78183100.0
30;2021-02-03;GME;362503.99;438185.63;92.41000366210938;92.41000366210938;113.4000015258789;85.25;112.01000213623047;42698500.0
31;2021-01-04;AMC;0.0;0.0;2.009999990463257;2.009999990463257;2.200000047683716;2.0;2.200000047683716;29873800.0
32;2021-01-05;AMC;0.0;0.0;1.9800000190734863;1.9800000190734863;2.0299999713897705;1.909999966621399;1.9900000095367432;28148300.0
33;2021-01-06;AMC;0.0;0.0;2.009999990463257;2.009999990463257;2.2300000190734863;1.9700000286102295;2.0299999713897705;67363300.0
34;2021-01-07;AMC;0.0;0.0;2.049999952316284;2.049999952316284;2.109999895095825;2.0199999809265137;2.0799999237060547;26150500.0
35;2021-01-08;AMC;0.0;0.0;2.140000104904175;2.140000104904175;2.2100000381469727;2.069999933242798;2.0899999141693115;39553300.0
36;2021-01-09;AMC;0.0;0.0;2.140000104904175;2.140000104904175;2.2100000381469727;2.069999933242798;2.0899999141693115;39553300.0
37;2021-01-10;AMC;0.0;0.0;2.140000104904175;2.140000104904175;2.2100000381469727;2.069999933242798;2.0899999141693115;39553300.0
38;2021-01-11;AMC;0.0;0.0;2.200000047683716;2.200000047683716;2.2699999809265137;2.1500000953674316;2.1600000858306885;41695800.0
39;2021-01-12;AMC;0.0;0.0;2.2899999618530273;2.2899999618530273;2.390000104904175;2.240000009536743;2.240000009536743;41549200.0
40;2021-01-13;AMC;0.0;0.0;2.180000066757202;2.180000066757202;2.380000114440918;2.130000114440918;2.3299999237060547;45847700.0
41;2021-01-14;AMC;0.0;0.0;2.180000066757202;2.180000066757202;2.319999933242798;2.130000114440918;2.2200000286102295;49638800.0
42;2021-01-15;AMC;0.0;0.0;2.3299999237060547;2.3299999237060547;2.549999952316284;2.180000066757202;2.200000047683716;162356400.0
43;2021-01-16;AMC;0.0;0.0;2.3299999237060547;2.3299999237060547;2.549999952316284;2.180000066757202;2.200000047683716;162356400.0
44;2021-01-17;AMC;0.0;0.0;2.3299999237060547;2.3299999237060547;2.549999952316284;2.180000066757202;2.200000047683716;162356400.0
45;2021-01-18;AMC;0.0;0.0;2.3299999237060547;2.3299999237060547;2.549999952316284;2.180000066757202;2.200000047683716;162356400.0
46;2021-01-19;AMC;4741.24;0.0;3.059999942779541;3.059999942779541;3.200000047683716;2.569999933242798;2.799999952316284;256276000.0
47;2021-01-20;AMC;0.0;0.0;2.9700000286102295;2.9700000286102295;3.3399999141693115;2.75;3.2899999618530273;181862200.0
48;2021-01-21;AMC;0.0;0.0;2.9800000190734863;2.9800000190734863;3.059999942779541;2.8499999046325684;3.0;64823800.0
49;2021-01-22;AMC;0.0;0.0;3.509999990463257;3.509999990463257;3.740000009536743;2.809999942779541;2.9100000858306885;268273400.0
50;2021-01-23;AMC;0.0;0.0;3.509999990463257;3.509999990463257;3.740000009536743;2.809999942779541;2.9100000858306885;268273400.0
51;2021-01-24;AMC;0.0;0.0;3.509999990463257;3.509999990463257;3.740000009536743;2.809999942779541;2.9100000858306885;268273400.0
52;2021-01-25;AMC;0.0;0.0;4.420000076293945;4.420000076293945;4.880000114440918;3.8499999046325684;4.710000038146973;443238100.0
53;2021-01-26;AMC;6184.3;0.0;4.960000038146973;4.960000038146973;5.190000057220459;4.369999885559082;5.090000152587891;456850200.0
54;2021-01-27;AMC;0.0;0.0;19.899999618530273;19.899999618530273;20.360000610351562;11.010000228881836;20.34000015258789;1222342500.0
55;2021-01-28;AMC;75447.36;9263.46;8.630000114440918;8.630000114440918;16.5;6.510000228881836;11.979999542236328;591223900.0
56;2021-01-29;AMC;66613.42;17066.76;13.260000228881836;13.260000228881836;16.0;11.600000381469727;14.3100004196167;602193300.0
57;2021-01-30;AMC;62594.979999999996;102011.6;13.260000228881836;13.260000228881836;16.0;11.600000381469727;14.3100004196167;602193300.0
58;2021-01-31;AMC;82187.15000000001;152639.76;13.260000228881836;13.260000228881836;16.0;11.600000381469727;14.3100004196167;602193300.0
59;2021-02-01;AMC;75373.8;53257.92;13.300000190734863;13.300000190734863;17.25;12.90999984741211;17.0;434608000.0
60;2021-02-02;AMC;162355.08;93521.26000000001;7.820000171661377;7.820000171661377;10.100000381469727;6.0;9.479999542236328;462775900.0
61;2021-02-03;AMC;58893.66;53524.13;8.970000267028809;8.970000267028809;9.770000457763672;7.889999866485596;8.850000381469727;221405100.0
62;2021-01-04;CLOV;0.0;0.0;15.609999656677246;15.609999656677246;17.450000762939453;14.15999984741211;17.399999618530273;21001700.0
63;2021-01-05;CLOV;0.0;0.0;15.09000015258789;15.09000015258789;16.0;14.8100004196167;15.40999984741211;13198800.0
64;2021-01-06;CLOV;0.0;0.0;14.529999732971191;14.529999732971191;16.469999313354492;14.149999618530273;15.390000343322754;26843600.0
65;2021-01-07;CLOV;0.0;0.0;16.020000457763672;16.020000457763672;16.329999923706055;14.75;15.21500015258789;20563800.0
66;2021-01-08;CLOV;0.0;0.0;15.899999618530273;15.899999618530273;17.239999771118164;14.550000190734863;15.300000190734863;15380000.0
67;2021-01-09;CLOV;0.0;0.0;15.899999618530273;15.899999618530273;17.239999771118164;14.550000190734863;15.300000190734863;15380000.0
68;2021-01-10;CLOV;0.0;0.0;15.899999618530273;15.899999618530273;17.239999771118164;14.550000190734863;15.300000190734863;15380000.0
69;2021-01-11;CLOV;0.0;0.0;14.979999542236328;14.979999542236328;15.930999755859375;14.75;15.930999755859375;13793300.0
70;2021-01-12;CLOV;0.0;0.0;14.619999885559082;14.619999885559082;15.449999809265137;14.270000457763672;14.859999656677246;15606600.0
71;2021-01-13;CLOV;0.0;0.0;14.0;14.0;14.770000457763672;13.800000190734863;14.5600004196167;13886000.0
72;2021-01-14;CLOV;0.0;0.0;14.010000228881836;14.010000228881836;14.520000457763672;13.569999694824219;14.149999618530273;13765600.0
73;2021-01-15;CLOV;0.0;0.0;13.239999771118164;13.239999771118164;14.180000305175781;13.100000381469727;13.869999885559082;13851400.0
74;2021-01-16;CLOV;0.0;0.0;13.239999771118164;13.239999771118164;14.180000305175781;13.100000381469727;13.869999885559082;13851400.0
75;2021-01-17;CLOV;0.0;0.0;13.239999771118164;13.239999771118164;14.180000305175781;13.100000381469727;13.869999885559082;13851400.0
76;2021-01-18;CLOV;0.0;0.0;13.239999771118164;13.239999771118164;14.180000305175781;13.100000381469727;13.869999885559082;13851400.0
77;2021-01-19;CLOV;0.0;0.0;13.75;13.75;14.279999732971191;13.270999908447266;13.6899995803833;13329600.0
78;2021-01-20;CLOV;0.0;0.0;13.729999542236328;13.729999542236328;14.329999923706055;13.609999656677246;13.890000343322754;9519200.0
79;2021-01-21;CLOV;0.0;0.0;13.59000015258789;13.59000015258789;13.930000305175781;13.329999923706055;13.78499984741211;7794600.0
80;2021-01-22;CLOV;0.0;0.0;13.550000190734863;13.550000190734863;14.140000343322754;13.210000038146973;13.449999809265137;11562000.0
81;2021-01-23;CLOV;0.0;0.0;13.550000190734863;13.550000190734863;14.140000343322754;13.210000038146973;13.449999809265137;11562000.0
82;2021-01-24;CLOV;0.0;0.0;13.550000190734863;13.550000190734863;14.140000343322754;13.210000038146973;13.449999809265137;11562000.0
83;2021-01-25;CLOV;0.0;0.0;13.930000305175781;13.930000305175781;14.949999809265137;13.609999656677246;14.260000228881836;16187000.0
84;2021-01-26;CLOV;0.0;0.0;15.760000228881836;15.760000228881836;15.880000114440918;13.850000381469727;14.010000228881836;25700200.0
85;2021-01-27;CLOV;0.0;0.0;14.25;14.25;16.84000015258789;13.949999809265137;15.399999618530273;22931100.0
86;2021-01-28;CLOV;0.0;0.0;14.069999694824219;14.069999694824219;15.449999809265137;13.5;14.779999732971191;17912600.0
87;2021-01-29;CLOV;0.0;0.0;13.949999809265137;13.949999809265137;14.699999809265137;13.600000381469727;14.050000190734863;12310600.0
88;2021-01-30;CLOV;0.0;0.0;13.949999809265137;13.949999809265137;14.699999809265137;13.600000381469727;14.050000190734863;12310600.0
89;2021-01-31;CLOV;0.0;0.0;13.949999809265137;13.949999809265137;14.699999809265137;13.600000381469727;14.050000190734863;12310600.0
90;2021-02-01;CLOV;0.0;0.0;13.8100004196167;13.8100004196167;14.399999618530273;13.5;14.130000114440918;10178500.0
91;2021-02-02;CLOV;0.0;0.0;13.970000267028809;13.970000267028809;14.399999618530273;13.90999984741211;14.369999885559082;11088900.0
92;2021-02-03;CLOV;0.0;168.26;13.949999809265137;13.949999809265137;14.248000144958496;13.829999923706055;14.069999694824219;8780100.0
93;2021-01-04;WISH;0.0;0.0;19.239999771118164;19.239999771118164;19.299999237060547;17.81999969482422;18.530000686645508;5888700.0
94;2021-01-05;WISH;0.0;0.0;19.799999237060547;19.799999237060547;20.190000534057617;18.75;18.84000015258789;4642700.0
95;2021-01-06;WISH;0.0;0.0;20.81999969482422;20.81999969482422;20.979999542236328;19.799999237060547;20.0;6197300.0
96;2021-01-07;WISH;0.0;0.0;20.93000030517578;20.93000030517578;21.579999923706055;20.149999618530273;21.049999237060547;4102100.0
97;2021-01-08;WISH;0.0;0.0;20.360000610351562;20.360000610351562;21.139999389648438;19.700000762939453;20.729999542236328;5687900.0
98;2021-01-09;WISH;0.0;0.0;20.360000610351562;20.360000610351562;21.139999389648438;19.700000762939453;20.729999542236328;5687900.0
99;2021-01-10;WISH;0.0;0.0;20.360000610351562;20.360000610351562;21.139999389648438;19.700000762939453;20.729999542236328;5687900.0
100;2021-01-11;WISH;0.0;0.0;19.610000610351562;19.610000610351562;20.200000762939453;19.139999389648438;19.80299949645996;4180400.0
101;2021-01-12;WISH;0.0;0.0;20.940000534057617;20.940000534057617;21.0;19.799999237060547;19.799999237060547;5734200.0
102;2021-01-13;WISH;0.0;0.0;23.920000076293945;23.920000076293945;24.604999542236328;20.899999618530273;20.940000534057617;10829500.0
103;2021-01-14;WISH;0.0;0.0;28.1299991607666;28.1299991607666;28.25;23.780000686645508;24.360000610351562;14426700.0
104;2021-01-15;WISH;0.0;0.0;24.834999084472656;24.834999084472656;27.100000381469727;24.399999618530273;26.690000534057617;9589100.0
105;2021-01-16;WISH;0.0;0.0;24.834999084472656;24.834999084472656;27.100000381469727;24.399999618530273;26.690000534057617;9589100.0
106;2021-01-17;WISH;0.0;0.0;24.834999084472656;24.834999084472656;27.100000381469727;24.399999618530273;26.690000534057617;9589100.0
107;2021-01-18;WISH;0.0;0.0;24.834999084472656;24.834999084472656;27.100000381469727;24.399999618530273;26.690000534057617;9589100.0
108;2021-01-19;WISH;0.0;0.0;26.09000015258789;26.09000015258789;26.989999771118164;25.0;25.68000030517578;4525200.0
109;2021-01-20;WISH;0.0;0.0;25.850000381469727;25.850000381469727;26.5;25.600000381469727;26.139999389648438;3312600.0
110;2021-01-21;WISH;0.0;0.0;24.84000015258789;24.84000015258789;26.01799964904785;24.450000762939453;25.729999542236328;3079500.0
111;2021-01-22;WISH;0.0;0.0;24.75;24.75;25.170000076293945;23.899999618530273;24.270000457763672;2740400.0
112;2021-01-23;WISH;0.0;0.0;24.75;24.75;25.170000076293945;23.899999618530273;24.270000457763672;2740400.0
113;2021-01-24;WISH;0.0;0.0;24.75;24.75;25.170000076293945;23.899999618530273;24.270000457763672;2740400.0
114;2021-01-25;WISH;0.0;0.0;25.649999618530273;25.649999618530273;29.3700008392334;25.25;25.469999313354492;9439300.0
115;2021-01-26;WISH;0.0;0.0;27.100000381469727;27.100000381469727;27.969999313354492;26.600000381469727;26.950000762939453;3938900.0
116;2021-01-27;WISH;0.0;0.0;29.989999771118164;29.989999771118164;31.489999771118164;26.399999618530273;26.489999771118164;8895300.0
117;2021-01-28;WISH;0.0;0.0;28.450000762939453;28.450000762939453;32.849998474121094;28.200000762939453;30.1200008392334;6080000.0
118;2021-01-29;WISH;0.0;0.0;30.06999969482422;30.06999969482422;30.399999618530273;28.75;28.899999618530273;3846200.0
119;2021-01-30;WISH;0.0;0.0;30.06999969482422;30.06999969482422;30.399999618530273;28.75;28.899999618530273;3846200.0
120;2021-01-31;WISH;0.0;0.0;30.06999969482422;30.06999969482422;30.399999618530273;28.75;28.899999618530273;3846200.0
121;2021-02-01;WISH;0.0;0.0;31.190000534057617;31.190000534057617;32.20000076293945;30.18000030517578;31.850000381469727;2925300.0
122;2021-02-02;WISH;21721.21;0.0;29.149999618530273;29.149999618530273;32.18000030517578;28.280000686645508;32.0;4313200.0
123;2021-02-03;WISH;0.0;0.0;28.989999771118164;28.989999771118164;30.229999542236328;28.8700008392334;29.229999542236328;1886300.0
124;2021-01-04;UWMC;0.0;0.0;12.024120330810547;12.949999809265137;13.829999923706055;12.399999618530273;13.829999923706055;6994300.0
125;2021-01-05;UWMC;0.0;0.0;11.726998329162598;12.630000114440918;12.890000343322754;12.350000381469727;12.5600004196167;5182400.0
126;2021-01-06;UWMC;0.0;0.0;11.14204216003418;12.0;12.779999732971191;11.65999984741211;12.520000457763672;12266800.0
127;2021-01-07;UWMC;0.0;0.0;11.541297912597656;12.430000305175781;12.539999961853027;12.010000228881836;12.29699993133545;5950500.0
128;2021-01-08;UWMC;0.0;0.0;11.79199504852295;12.699999809265137;13.119999885559082;12.3100004196167;12.5600004196167;5460600.0
129;2021-01-09;UWMC;0.0;0.0;11.79199504852295;12.699999809265137;13.119999885559082;12.3100004196167;12.5600004196167;5460600.0
130;2021-01-10;UWMC;0.0;0.0;11.79199504852295;12.699999809265137;13.119999885559082;12.3100004196167;12.5600004196167;5460600.0
131;2021-01-11;UWMC;0.0;0.0;11.977696418762207;12.899999618530273;13.59000015258789;12.699999809265137;13.170000076293945;8248600.0
132;2021-01-12;UWMC;0.0;0.0;11.949840545654297;12.869999885559082;13.199999809265137;12.510000228881836;12.868000030517578;7732100.0
133;2021-01-13;UWMC;0.0;0.0;11.69914436340332;12.600000381469727;12.824999809265137;12.364999771118164;12.779999732971191;6465500.0
134;2021-01-14;UWMC;0.0;0.0;11.894129753112793;12.8100004196167;13.100000381469727;12.420000076293945;12.619999885559082;7962100.0
135;2021-01-15;UWMC;0.0;0.0;11.504158973693848;12.390000343322754;12.850000381469727;12.15999984741211;12.835000038146973;7429600.0
136;2021-01-16;UWMC;0.0;0.0;11.504158973693848;12.390000343322754;12.850000381469727;12.15999984741211;12.835000038146973;7429600.0
137;2021-01-17;UWMC;0.0;0.0;11.504158973693848;12.390000343322754;12.850000381469727;12.15999984741211;12.835000038146973;7429600.0
138;2021-01-18;UWMC;0.0;0.0;11.504158973693848;12.390000343322754;12.850000381469727;12.15999984741211;12.835000038146973;7429600.0
139;2021-01-19;UWMC;0.0;0.0;11.467018127441406;12.350000381469727;12.720000267028809;12.156000137329102;12.640000343322754;8718600.0
140;2021-01-20;UWMC;0.0;0.0;10.86349105834961;11.699999809265137;12.4399995803833;11.550000190734863;12.4399995803833;13293700.0
141;2021-01-21;UWMC;0.0;0.0;10.714930534362793;11.539999961853027;11.960000038146973;10.850000381469727;11.399999618530273;14422500.0
142;2021-01-22;UWMC;0.0;0.0;10.538514137268066;11.350000381469727;12.350000381469727;10.930000305175781;11.949999809265137;12684300.0
143;2021-01-23;UWMC;0.0;0.0;10.538514137268066;11.350000381469727;12.350000381469727;10.930000305175781;11.949999809265137;12684300.0
144;2021-01-24;UWMC;0.0;0.0;10.538514137268066;11.350000381469727;12.350000381469727;10.930000305175781;11.949999809265137;12684300.0
145;2021-01-25;UWMC;0.0;0.0;10.074262619018555;10.850000381469727;11.199999809265137;10.5;11.140000343322754;11166000.0
146;2021-01-26;UWMC;0.0;0.0;9.350030899047852;10.069999694824219;10.710000038146973;10.020000457763672;10.699999809265137;9936100.0
147;2021-01-27;UWMC;0.0;0.0;9.526446342468262;10.260000228881836;11.197999954223633;9.199999809265137;9.430000305175781;10008000.0
148;2021-01-28;UWMC;0.0;0.0;9.247894287109375;9.960000038146973;10.25;9.869999885559082;10.149999618530273;4151600.0
149;2021-01-29;UWMC;0.0;0.0;9.201469421386719;9.90999984741211;10.25;9.760000228881836;9.960000038146973;3937300.0
150;2021-01-30;UWMC;0.0;0.0;9.201469421386719;9.90999984741211;10.25;9.760000228881836;9.960000038146973;3937300.0
151;2021-01-31;UWMC;0.0;0.0;9.201469421386719;9.90999984741211;10.25;9.760000228881836;9.960000038146973;3937300.0
152;2021-02-01;UWMC;0.0;0.0;9.377885818481445;10.100000381469727;10.279999732971191;9.850000381469727;10.149999618530273;3078400.0
153;2021-02-02;UWMC;0.0;0.0;9.59144115447998;10.329999923706055;10.5;10.199999809265137;10.479999542236328;4062600.0
154;2021-02-03;UWMC;0.0;0.0;10.566370010375977;11.380000114440918;11.680000305175781;10.75;10.949999809265137;11675800.0
155;2021-01-04;CLNE;0.0;0.0;7.829999923706055;7.829999923706055;8.0600004196167;7.329999923706055;7.949999809265137;6023300.0
156;2021-01-05;CLNE;0.0;0.0;8.680000305175781;8.680000305175781;9.069999694824219;7.650000095367432;7.699999809265137;13054700.0
157;2021-01-06;CLNE;0.0;0.0;9.0;9.0;9.75;8.520000457763672;9.609999656677246;13370400.0
158;2021-01-07;CLNE;0.0;0.0;11.100000381469727;11.100000381469727;11.369999885559082;9.5;9.670000076293945;21143600.0
159;2021-01-08;CLNE;0.0;0.0;10.25;10.25;11.65999984741211;9.800000190734863;11.630000114440918;17507800.0
160;2021-01-09;CLNE;0.0;0.0;10.25;10.25;11.65999984741211;9.800000190734863;11.630000114440918;17507800.0
161;2021-01-10;CLNE;0.0;0.0;10.25;10.25;11.65999984741211;9.800000190734863;11.630000114440918;17507800.0
162;2021-01-11;CLNE;0.0;0.0;9.8100004196167;9.8100004196167;10.640000343322754;9.699999809265137;10.079999923706055;9593400.0
163;2021-01-12;CLNE;0.0;0.0;9.920000076293945;9.920000076293945;10.15999984741211;9.180000305175781;10.079999923706055;10311800.0
164;2021-01-13;CLNE;0.0;0.0;10.40999984741211;10.40999984741211;11.029999732971191;9.869999885559082;10.170000076293945;12652400.0
165;2021-01-14;CLNE;0.0;0.0;10.210000038146973;10.210000038146973;10.869999885559082;9.920000076293945;10.489999771118164;9139000.0
166;2021-01-15;CLNE;0.0;0.0;9.8100004196167;9.8100004196167;10.149999618530273;9.510000228881836;10.029999732971191;7765100.0
167;2021-01-16;CLNE;0.0;0.0;9.8100004196167;9.8100004196167;10.149999618530273;9.510000228881836;10.029999732971191;7765100.0
168;2021-01-17;CLNE;0.0;0.0;9.8100004196167;9.8100004196167;10.149999618530273;9.510000228881836;10.029999732971191;7765100.0
169;2021-01-18;CLNE;0.0;0.0;9.8100004196167;9.8100004196167;10.149999618530273;9.510000228881836;10.029999732971191;7765100.0
170;2021-01-19;CLNE;0.0;0.0;9.9399995803833;9.9399995803833;10.029999732971191;9.520000457763672;10.0;6626700.0
171;2021-01-20;CLNE;0.0;0.0;10.600000381469727;10.600000381469727;10.989999771118164;9.779999732971191;9.890000343322754;10217700.0
172;2021-01-21;CLNE;0.0;0.0;10.180000305175781;10.180000305175781;10.899999618530273;9.90999984741211;10.609999656677246;8132500.0
173;2021-01-22;CLNE;0.0;0.0;10.569999694824219;10.569999694824219;10.65999984741211;9.90999984741211;9.9399995803833;6764100.0
174;2021-01-23;CLNE;0.0;0.0;10.569999694824219;10.569999694824219;10.65999984741211;9.90999984741211;9.9399995803833;6764100.0
175;2021-01-24;CLNE;0.0;0.0;10.569999694824219;10.569999694824219;10.65999984741211;9.90999984741211;9.9399995803833;6764100.0
176;2021-01-25;CLNE;0.0;0.0;11.680000305175781;11.680000305175781;12.649999618530273;10.869999885559082;11.180000305175781;16409700.0
177;2021-01-26;CLNE;0.0;0.0;11.539999961853027;11.539999961853027;12.09000015258789;11.229999542236328;11.899999618530273;8973300.0
178;2021-01-27;CLNE;0.0;0.0;11.0;11.0;11.970000267028809;10.539999961853027;10.819999694824219;8632800.0
179;2021-01-28;CLNE;0.0;0.0;10.4399995803833;10.4399995803833;11.199999809265137;9.9399995803833;10.899999618530273;8168900.0
180;2021-01-29;CLNE;0.0;0.0;10.229999542236328;10.229999542236328;11.039999961853027;10.220000267028809;10.430000305175781;5856000.0
181;2021-01-30;CLNE;0.0;0.0;10.229999542236328;10.229999542236328;11.039999961853027;10.220000267028809;10.430000305175781;5856000.0
182;2021-01-31;CLNE;0.0;0.0;10.229999542236328;10.229999542236328;11.039999961853027;10.220000267028809;10.430000305175781;5856000.0
183;2021-02-01;CLNE;0.0;0.0;10.569999694824219;10.569999694824219;10.6899995803833;10.010000228881836;10.210000038146973;4525700.0
184;2021-02-02;CLNE;0.0;0.0;10.470000267028809;10.470000267028809;10.890000343322754;10.020000457763672;10.789999961853027;4281900.0
185;2021-02-03;CLNE;0.0;0.0;12.829999923706055;12.829999923706055;13.100000381469727;11.289999961853027;11.510000228881836;17966300.0
186;2021-01-04;NOK;0.0;0.0;3.8737916946411133;3.890000104904175;3.990000009536743;3.8499999046325684;3.990000009536743;30281400.0
187;2021-01-05;NOK;0.0;0.0;4.023166656494141;4.039999961853027;4.059999942779541;3.950000047683716;3.990000009536743;38446200.0
188;2021-01-06;NOK;0.0;0.0;4.023166656494141;4.039999961853027;4.090000152587891;4.010000228881836;4.010000228881836;37467400.0
189;2021-01-07;NOK;0.0;0.0;3.973375082015991;3.990000009536743;4.03000020980835;3.9700000286102295;4.010000228881836;25318000.0
190;2021-01-08;NOK;0.0;0.0;3.9136250019073486;3.930000066757202;3.9600000381469727;3.9000000953674316;3.940000057220459;23978700.0
191;2021-01-09;NOK;0.0;0.0;3.9136250019073486;3.930000066757202;3.9600000381469727;3.9000000953674316;3.940000057220459;23978700.0
192;2021-01-10;NOK;0.0;0.0;3.9136250019073486;3.930000066757202;3.9600000381469727;3.9000000953674316;3.940000057220459;23978700.0
193;2021-01-11;NOK;0.0;0.0;3.853874921798706;3.869999885559082;3.940000057220459;3.8299999237060547;3.8399999141693115;37045200.0
194;2021-01-12;NOK;0.0;0.0;3.9932918548583984;4.010000228881836;4.019999980926514;3.930000066757202;3.940000057220459;26065000.0
195;2021-01-13;NOK;0.0;0.0;3.963416814804077;3.9800000190734863;3.9800000190734863;3.9100000858306885;3.9100000858306885;33763400.0
196;2021-01-14;NOK;0.0;0.0;4.072958469390869;4.090000152587891;4.25;4.070000171661377;4.119999885559082;93198600.0
197;2021-01-15;NOK;0.0;0.0;4.062999725341797;4.079999923706055;4.139999866485596;4.039999961853027;4.090000152587891;36639300.0
198;2021-01-16;NOK;0.0;0.0;4.062999725341797;4.079999923706055;4.139999866485596;4.039999961853027;4.090000152587891;36639300.0
199;2021-01-17;NOK;0.0;0.0;4.062999725341797;4.079999923706055;4.139999866485596;4.039999961853027;4.090000152587891;36639300.0
200;2021-01-18;NOK;0.0;0.0;4.062999725341797;4.079999923706055;4.139999866485596;4.039999961853027;4.090000152587891;36639300.0
201;2021-01-19;NOK;0.0;0.0;4.112792015075684;4.130000114440918;4.190000057220459;4.03000020980835;4.070000171661377;40539400.0
202;2021-01-20;NOK;0.0;0.0;4.182499885559082;4.199999809265137;4.230000019073486;4.150000095367432;4.150000095367432;43924100.0
203;2021-01-21;NOK;0.0;0.0;4.20241641998291;4.21999979019165;4.230000019073486;4.159999847412109;4.179999828338623;22026300.0
204;2021-01-22;NOK;0.0;0.0;4.182499885559082;4.199999809265137;4.21999979019165;4.139999866485596;4.190000057220459;29126700.0
205;2021-01-23;NOK;0.0;0.0;4.182499885559082;4.199999809265137;4.21999979019165;4.139999866485596;4.190000057220459;29126700.0
206;2021-01-24;NOK;2906.68;0.0;4.182499885559082;4.199999809265137;4.21999979019165;4.139999866485596;4.190000057220459;29126700.0
207;2021-01-25;NOK;1205.71;0.0;4.82979154586792;4.849999904632568;4.920000076293945;4.53000020980835;4.539999961853027;296379300.0
208;2021-01-26;NOK;16944.539999999997;2677.3;4.710291862487793;4.730000019073486;5.269999980926514;4.610000133514404;5.079999923706055;379387300.0
209;2021-01-27;NOK;10656.99;0.0;6.522708415985107;6.550000190734863;9.789999961853027;4.869999885559082;4.989999771118164;1123003300.0
210;2021-01-28;NOK;63511.75;2566.38;4.6704583168029785;4.690000057220459;5.53000020980835;4.590000152587891;5.179999828338623;675220900.0
211;2021-01-29;NOK;66084.3;4430.969999999999;4.540999889373779;4.559999942779541;5.21999979019165;4.53000020980835;5.130000114440918;362323300.0
212;2021-01-30;NOK;11239.01;20839.750000000004;4.540999889373779;4.559999942779541;5.21999979019165;4.53000020980835;5.130000114440918;362323300.0
213;2021-01-31;NOK;2120.2;0.0;4.540999889373779;4.559999942779541;5.21999979019165;4.53000020980835;5.130000114440918;362323300.0
214;2021-02-01;NOK;1846.8;1266.6399999999999;4.869625091552734;4.889999866485596;4.989999771118164;4.659999847412109;4.96999979019165;194969200.0
215;2021-02-02;NOK;0.0;0.0;4.511125087738037;4.53000020980835;4.760000228881836;4.400000095367432;4.739999771118164;165679700.0
216;2021-02-03;NOK;2051.98;767.02;4.680416584014893;4.699999809265137;4.760000228881836;4.519999980926514;4.630000114440918;95964300.0
217;2021-01-04;SPCE;0.0;0.0;23.209999084472656;23.209999084472656;23.969999313354492;22.8799991607666;23.959999084472656;7677700.0
218;2021-01-05;SPCE;0.0;0.0;24.1200008392334;24.1200008392334;24.479999542236328;22.959999084472656;23.079999923706055;7564700.0
219;2021-01-06;SPCE;0.0;0.0;24.170000076293945;24.170000076293945;24.93000030517578;23.719999313354492;24.030000686645508;8053000.0
220;2021-01-07;SPCE;0.0;0.0;25.1299991607666;25.1299991607666;25.959999084472656;24.690000534057617;25.25;13066500.0
221;2021-01-08;SPCE;0.0;0.0;25.219999313354492;25.219999313354492;25.860000610351562;24.799999237060547;25.65999984741211;8509100.0
222;2021-01-09;SPCE;0.0;0.0;25.219999313354492;25.219999313354492;25.860000610351562;24.799999237060547;25.65999984741211;8509100.0
223;2021-01-10;SPCE;0.0;0.0;25.219999313354492;25.219999313354492;25.860000610351562;24.799999237060547;25.65999984741211;8509100.0
224;2021-01-11;SPCE;0.0;0.0;24.920000076293945;24.920000076293945;25.700000762939453;24.43000030517578;24.969999313354492;6491400.0
225;2021-01-12;SPCE;0.0;0.0;26.65999984741211;26.65999984741211;26.729999542236328;24.989999771118164;25.149999618530273;12069900.0
226;2021-01-13;SPCE;0.0;0.0;27.559999465942383;27.559999465942383;27.850000381469727;26.25;26.559999465942383;15018800.0
227;2021-01-14;SPCE;0.0;0.0;33.029998779296875;33.029998779296875;33.720001220703125;30.190000534057617;31.030000686645508;58072000.0
228;2021-01-15;SPCE;0.0;0.0;30.43000030517578;30.43000030517578;32.47999954223633;29.920000076293945;31.93000030517578;19145600.0
229;2021-01-16;SPCE;0.0;0.0;30.43000030517578;30.43000030517578;32.47999954223633;29.920000076293945;31.93000030517578;19145600.0
230;2021-01-17;SPCE;0.0;0.0;30.43000030517578;30.43000030517578;32.47999954223633;29.920000076293945;31.93000030517578;19145600.0
231;2021-01-18;SPCE;0.0;0.0;30.43000030517578;30.43000030517578;32.47999954223633;29.920000076293945;31.93000030517578;19145600.0
232;2021-01-19;SPCE;0.0;0.0;31.649999618530273;31.649999618530273;32.58000183105469;30.5;32.54999923706055;20015300.0
233;2021-01-20;SPCE;0.0;0.0;32.029998779296875;32.029998779296875;32.97999954223633;30.760000228881836;31.559999465942383;12758500.0
234;2021-01-21;SPCE;0.0;0.0;33.27000045776367;33.27000045776367;33.900001525878906;31.6200008392334;32.5;13937600.0
235;2021-01-22;SPCE;0.0;0.0;34.279998779296875;34.279998779296875;34.45000076293945;32.29999923706055;33.11000061035156;12918900.0
236;2021-01-23;SPCE;0.0;0.0;34.279998779296875;34.279998779296875;34.45000076293945;32.29999923706055;33.11000061035156;12918900.0
237;2021-01-24;SPCE;0.0;0.0;34.279998779296875;34.279998779296875;34.45000076293945;32.29999923706055;33.11000061035156;12918900.0
238;2021-01-25;SPCE;0.0;0.0;36.0;36.0;38.869998931884766;32.1510009765625;35.209999084472656;31622200.0
239;2021-01-26;SPCE;0.0;0.0;42.04999923706055;42.04999923706055;44.029998779296875;36.59000015258789;37.31999969482422;54398200.0
240;2021-01-27;SPCE;0.0;0.0;46.349998474121094;46.349998474121094;59.43000030517578;40.13999938964844;44.65999984741211;78540200.0
241;2021-01-28;SPCE;0.0;0.0;43.11000061035156;43.11000061035156;52.0;39.470001220703125;46.5099983215332;40856900.0
242;2021-01-29;SPCE;0.0;0.0;44.290000915527344;44.290000915527344;49.900001525878906;43.900001525878906;45.5;28647800.0
243;2021-01-30;SPCE;0.0;0.0;44.290000915527344;44.290000915527344;49.900001525878906;43.900001525878906;45.5;28647800.0
244;2021-01-31;SPCE;0.0;0.0;44.290000915527344;44.290000915527344;49.900001525878906;43.900001525878906;45.5;28647800.0
245;2021-02-01;SPCE;0.0;0.0;53.790000915527344;53.790000915527344;57.2400016784668;45.779998779296875;47.16999816894531;58078200.0
246;2021-02-02;SPCE;0.0;0.0;48.58000183105469;48.58000183105469;58.599998474121094;47.29999923706055;58.59000015258789;39492700.0
247;2021-02-03;SPCE;0.0;0.0;57.119998931884766;57.119998931884766;58.349998474121094;49.52000045776367;49.97999954223633;40047500.0
248;2021-01-04;PLTR;3481.7400000000002;1101.92;23.3700008392334;23.3700008392334;24.5;22.5;23.90999984741211;44970400.0
249;2021-01-05;PLTR;0.0;0.0;24.600000381469727;24.600000381469727;24.670000076293945;22.889999389648438;23.18000030517578;29050400.0
250;2021-01-06;PLTR;0.0;891.43;23.540000915527344;23.540000915527344;24.459999084472656;23.25;24.1200008392334;32732900.0
251;2021-01-07;PLTR;10568.32;3101.67;25.0;25.0;25.190000534057617;23.670000076293945;24.020000457763672;32240000.0
252;2021-01-08;PLTR;4334.54;527.04;25.200000762939453;25.200000762939453;26.440000534057617;24.700000762939453;25.700000762939453;41313800.0
253;2021-01-09;PLTR;0.0;794.43;25.200000762939453;25.200000762939453;26.440000534057617;24.700000762939453;25.700000762939453;41313800.0
254;2021-01-10;PLTR;0.0;0.0;25.200000762939453;25.200000762939453;26.440000534057617;24.700000762939453;25.700000762939453;41313800.0
255;2021-01-11;PLTR;0.0;0.0;25.93000030517578;25.93000030517578;26.600000381469727;24.309999465942383;24.610000610351562;32609000.0
256;2021-01-12;PLTR;0.0;0.0;26.18000030517578;26.18000030517578;26.420000076293945;25.510000228881836;26.34000015258789;26887200.0
257;2021-01-13;PLTR;3236.6400000000003;602.0;25.5;25.5;27.43000030517578;25.1299991607666;25.709999084472656;51216600.0
258;2021-01-14;PLTR;7906.02;0.0;24.920000076293945;24.920000076293945;25.6200008392334;24.3700008392334;25.450000762939453;32908000.0
259;2021-01-15;PLTR;48258.979999999996;0.0;25.639999389648438;25.639999389648438;28.0;25.459999084472656;26.260000228881836;92285500.0
260;2021-01-16;PLTR;1440.6;924.48;25.639999389648438;25.639999389648438;28.0;25.459999084472656;26.260000228881836;92285500.0
261;2021-01-17;PLTR;4819.08;0.0;25.639999389648438;25.639999389648438;28.0;25.459999084472656;26.260000228881836;92285500.0
262;2021-01-18;PLTR;1922.76;0.0;25.639999389648438;25.639999389648438;28.0;25.459999084472656;26.260000228881836;92285500.0
263;2021-01-19;PLTR;0.0;0.0;26.6200008392334;26.6200008392334;27.540000915527344;26.0;26.809999465942383;48675800.0
264;2021-01-20;PLTR;575.21;9602.039999999999;26.34000015258789;26.34000015258789;27.299999237060547;25.700000762939453;27.290000915527344;37459000.0
265;2021-01-21;PLTR;1022.14;0.0;25.979999542236328;25.979999542236328;26.68000030517578;25.299999237060547;26.420000076293945;29891400.0
266;2021-01-22;PLTR;0.0;0.0;32.58000183105469;32.58000183105469;32.650001525878906;25.81999969482422;25.850000381469727;156844700.0
267;2021-01-23;PLTR;6516.009999999999;2733.22;32.58000183105469;32.58000183105469;32.650001525878906;25.81999969482422;25.850000381469727;156844700.0
268;2021-01-24;PLTR;1519.0;0.0;32.58000183105469;32.58000183105469;32.650001525878906;25.81999969482422;25.850000381469727;156844700.0
269;2021-01-25;PLTR;3295.62;2989.6499999999996;36.22999954223633;36.22999954223633;39.58000183105469;29.559999465942383;34.459999084472656;191345300.0
270;2021-01-26;PLTR;1252.27;0.0;35.369998931884766;35.369998931884766;36.869998931884766;34.31999969482422;35.13999938964844;65870000.0
271;2021-01-27;PLTR;0.0;0.0;39.0;39.0;45.0;32.25;32.970001220703125;170758800.0
272;2021-01-28;PLTR;0.0;0.0;35.65999984741211;35.65999984741211;42.0;33.099998474121094;39.540000915527344;85250700.0
273;2021-01-29;PLTR;0.0;0.0;35.18000030517578;35.18000030517578;38.0099983215332;34.65999984741211;36.61000061035156;42030900.0
274;2021-01-30;PLTR;0.0;1437.48;35.18000030517578;35.18000030517578;38.0099983215332;34.65999984741211;36.61000061035156;42030900.0
275;2021-01-31;PLTR;0.0;0.0;35.18000030517578;35.18000030517578;38.0099983215332;34.65999984741211;36.61000061035156;42030900.0
276;2021-02-01;PLTR;0.0;0.0;33.959999084472656;33.959999084472656;35.619998931884766;32.58000183105469;35.33000183105469;43460900.0
277;2021-02-02;PLTR;0.0;0.0;31.020000457763672;31.020000457763672;34.20000076293945;30.5;34.099998474121094;69647900.0
278;2021-02-03;PLTR;278.53;129.6;31.760000228881836;31.760000228881836;32.95000076293945;31.3799991607666;32.38999938964844;35312000.0
279;2021-01-04;TSLA;0.0;0.0;729.77001953125;729.77001953125;744.489990234375;717.1900024414062;719.4600219726562;48638200.0
280;2021-01-05;TSLA;0.0;0.0;735.1099853515625;735.1099853515625;740.8400268554688;719.2000122070312;723.6599731445312;32245200.0
281;2021-01-06;TSLA;2076.46;0.0;755.97998046875;755.97998046875;774.0;749.0999755859375;758.489990234375;44700000.0
282;2021-01-07;TSLA;2009.98;2250.06;816.0399780273438;816.0399780273438;816.989990234375;775.2000122070312;777.6300048828125;51498900.0
283;2021-01-08;TSLA;24261.55;1480.22;880.02001953125;880.02001953125;884.489990234375;838.3900146484375;856.0;75055500.0
284;2021-01-09;TSLA;4111.88;15107.84;880.02001953125;880.02001953125;884.489990234375;838.3900146484375;856.0;75055500.0
285;2021-01-10;TSLA;50040.560000000005;0.0;880.02001953125;880.02001953125;884.489990234375;838.3900146484375;856.0;75055500.0
286;2021-01-11;TSLA;0.0;0.0;811.1900024414062;811.1900024414062;854.4299926757812;803.6199951171875;849.4000244140625;59301600.0
287;2021-01-12;TSLA;14092.46;0.0;849.4400024414062;849.4400024414062;868.0;827.3400268554688;831.0;46270700.0
288;2021-01-13;TSLA;0.0;8700.0;854.4099731445312;854.4099731445312;860.469970703125;832.0;852.760009765625;33312500.0
289;2021-01-14;TSLA;4786.32;0.0;845.0;845.0;863.0;838.75;843.3900146484375;31266300.0
290;2021-01-15;TSLA;4072.8799999999997;0.0;826.1599731445312;826.1599731445312;859.9000244140625;819.0999755859375;852.0;38777600.0
291;2021-01-16;TSLA;0.0;0.0;826.1599731445312;826.1599731445312;859.9000244140625;819.0999755859375;852.0;38777600.0
292;2021-01-17;TSLA;0.0;0.0;826.1599731445312;826.1599731445312;859.9000244140625;819.0999755859375;852.0;38777600.0
293;2021-01-18;TSLA;1923.74;0.0;826.1599731445312;826.1599731445312;859.9000244140625;819.0999755859375;852.0;38777600.0
294;2021-01-19;TSLA;0.0;0.0;844.5499877929688;844.5499877929688;850.0;833.0;837.7999877929688;25367000.0
295;2021-01-20;TSLA;0.0;0.0;850.4500122070312;850.4500122070312;859.5;837.280029296875;858.739990234375;25665900.0
296;2021-01-21;TSLA;0.0;0.0;844.989990234375;844.989990234375;855.719970703125;841.4199829101562;855.0;20521100.0
297;2021-01-22;TSLA;0.0;0.0;846.6400146484375;846.6400146484375;848.0;828.6199951171875;834.3099975585938;20066500.0
298;2021-01-23;TSLA;0.0;0.0;846.6400146484375;846.6400146484375;848.0;828.6199951171875;834.3099975585938;20066500.0
299;2021-01-24;TSLA;0.0;883.96;846.6400146484375;846.6400146484375;848.0;828.6199951171875;834.3099975585938;20066500.0
300;2021-01-25;TSLA;0.0;0.0;880.7999877929688;880.7999877929688;900.4000244140625;838.8200073242188;855.0;41173400.0
301;2021-01-26;TSLA;1252.27;0.0;883.0900268554688;883.0900268554688;895.9000244140625;871.5999755859375;891.3800048828125;23131600.0
302;2021-01-27;TSLA;0.0;0.0;864.1599731445312;864.1599731445312;891.5;858.6599731445312;870.3499755859375;27334000.0
303;2021-01-28;TSLA;0.0;0.0;835.4299926757812;835.4299926757812;848.0;801.0;820.0;26378000.0
304;2021-01-29;TSLA;0.0;0.0;793.530029296875;793.530029296875;842.4099731445312;780.0999755859375;830.0;34990800.0
305;2021-01-30;TSLA;0.0;0.0;793.530029296875;793.530029296875;842.4099731445312;780.0999755859375;830.0;34990800.0
306;2021-01-31;TSLA;0.0;0.0;793.530029296875;793.530029296875;842.4099731445312;780.0999755859375;830.0;34990800.0
307;2021-02-01;TSLA;0.0;0.0;839.8099975585938;839.8099975585938;842.0;795.5599975585938;814.2899780273438;25391400.0
308;2021-02-02;TSLA;0.0;0.0;872.7899780273438;872.7899780273438;880.5;842.2000122070312;844.6799926757812;24346200.0
309;2021-02-03;TSLA;131.2;53134.630000000005;854.6900024414062;854.6900024414062;878.0800170898438;853.0599975585938;877.02001953125;18343500.0
310;2021-01-04;WKHS;0.0;0.0;21.420000076293945;21.420000076293945;21.59000015258789;19.90999984741211;20.780000686645508;19044700.0
311;2021-01-05;WKHS;0.0;0.0;22.43000030517578;22.43000030517578;22.690000534057617;21.190000534057617;21.360000610351562;13573300.0
312;2021-01-06;WKHS;0.0;0.0;23.649999618530273;23.649999618530273;24.799999237060547;22.110000610351562;22.950000762939453;18997800.0
313;2021-01-07;WKHS;0.0;0.0;27.600000381469727;27.600000381469727;27.739999771118164;24.260000228881836;24.770000457763672;24390400.0
314;2021-01-08;WKHS;0.0;0.0;25.565000534057617;25.565000534057617;27.989999771118164;24.899999618530273;27.989999771118164;21290600.0
315;2021-01-09;WKHS;0.0;0.0;25.565000534057617;25.565000534057617;27.989999771118164;24.899999618530273;27.989999771118164;21290600.0
316;2021-01-10;WKHS;0.0;0.0;25.565000534057617;25.565000534057617;27.989999771118164;24.899999618530273;27.989999771118164;21290600.0
317;2021-01-11;WKHS;0.0;0.0;25.760000228881836;25.760000228881836;26.360000610351562;24.549999237060547;24.989999771118164;10714700.0
318;2021-01-12;WKHS;0.0;0.0;25.020000457763672;25.020000457763672;26.56999969482422;24.059999465942383;26.010000228881836;13770600.0
319;2021-01-13;WKHS;0.0;0.0;24.540000915527344;24.540000915527344;25.969999313354492;24.389999389648438;25.062000274658203;9353600.0
320;2021-01-14;WKHS;0.0;0.0;24.610000610351562;24.610000610351562;24.93000030517578;23.780000686645508;24.81999969482422;8950100.0
321;2021-01-15;WKHS;0.0;0.0;23.34000015258789;23.34000015258789;24.506999969482422;23.040000915527344;24.459999084472656;8803400.0
322;2021-01-16;WKHS;0.0;0.0;23.34000015258789;23.34000015258789;24.506999969482422;23.040000915527344;24.459999084472656;8803400.0
323;2021-01-17;WKHS;0.0;0.0;23.34000015258789;23.34000015258789;24.506999969482422;23.040000915527344;24.459999084472656;8803400.0
324;2021-01-18;WKHS;0.0;0.0;23.34000015258789;23.34000015258789;24.506999969482422;23.040000915527344;24.459999084472656;8803400.0
325;2021-01-19;WKHS;0.0;0.0;23.760000228881836;23.760000228881836;23.986000061035156;23.084999084472656;23.950000762939453;8577300.0
326;2021-01-20;WKHS;0.0;0.0;23.329999923706055;23.329999923706055;24.489999771118164;22.65999984741211;24.010000228881836;10045900.0
327;2021-01-21;WKHS;0.0;0.0;22.850000381469727;22.850000381469727;23.420000076293945;22.290000915527344;22.35099983215332;8456100.0
328;2021-01-22;WKHS;0.0;0.0;23.510000228881836;23.510000228881836;24.239999771118164;22.510000228881836;22.545000076293945;8485800.0
329;2021-01-23;WKHS;0.0;0.0;23.510000228881836;23.510000228881836;24.239999771118164;22.510000228881836;22.545000076293945;8485800.0
330;2021-01-24;WKHS;0.0;0.0;23.510000228881836;23.510000228881836;24.239999771118164;22.510000228881836;22.545000076293945;8485800.0
331;2021-01-25;WKHS;0.0;0.0;24.709999084472656;24.709999084472656;25.768999099731445;23.299999237060547;23.6200008392334;20197600.0
332;2021-01-26;WKHS;0.0;0.0;32.18000030517578;32.18000030517578;33.31999969482422;26.510000228881836;27.040000915527344;78625500.0
333;2021-01-27;WKHS;0.0;0.0;34.79999923706055;34.79999923706055;40.45000076293945;31.0;31.760000228881836;48083300.0
334;2021-01-28;WKHS;0.0;0.0;33.099998474121094;33.099998474121094;36.5;29.520000457763672;33.72999954223633;20809500.0
335;2021-01-29;WKHS;0.0;0.0;34.31999969482422;34.31999969482422;38.0;33.20000076293945;33.400001525878906;23194000.0
336;2021-01-30;WKHS;0.0;0.0;34.31999969482422;34.31999969482422;38.0;33.20000076293945;33.400001525878906;23194000.0
337;2021-01-31;WKHS;0.0;0.0;34.31999969482422;34.31999969482422;38.0;33.20000076293945;33.400001525878906;23194000.0
338;2021-02-01;WKHS;0.0;0.0;38.86000061035156;38.86000061035156;40.2400016784668;34.63999938964844;35.900001525878906;23995700.0
339;2021-02-02;WKHS;0.0;0.0;34.209999084472656;34.209999084472656;38.41999816894531;33.5;37.97999954223633;20022600.0
340;2021-02-03;WKHS;0.0;0.0;36.04999923706055;36.04999923706055;37.439998626708984;34.689998626708984;34.779998779296875;11808800.0
341;2021-01-04;SPY;0.0;0.0;362.8116760253906;368.7900085449219;375.45001220703125;364.82000732421875;375.30999755859375;110210800.0
342;2021-01-05;SPY;0.0;0.0;365.3104248046875;371.3299865722656;372.5;368.04998779296875;368.1000061035156;66426200.0
343;2021-01-06;SPY;0.0;0.0;367.4944763183594;373.54998779296875;376.9800109863281;369.1199951171875;369.7099914550781;107997700.0
344;2021-01-07;SPY;0.0;0.0;372.95452880859375;379.1000061035156;379.8999938964844;375.9100036621094;376.1000061035156;68766800.0
345;2021-01-08;SPY;0.0;0.0;375.0794982910156;381.260009765625;381.489990234375;377.1000061035156;380.5899963378906;71677200.0
346;2021-01-09;SPY;0.0;0.0;375.0794982910156;381.260009765625;381.489990234375;377.1000061035156;380.5899963378906;71677200.0
347;2021-01-10;SPY;1907.08;0.0;375.0794982910156;381.260009765625;381.489990234375;377.1000061035156;380.5899963378906;71677200.0
348;2021-01-11;SPY;0.0;0.0;372.5511779785156;378.69000244140625;380.5799865722656;377.7200012207031;377.8500061035156;51034700.0
349;2021-01-12;SPY;0.0;0.0;372.6298522949219;378.7699890136719;379.8599853515625;376.3599853515625;378.8900146484375;52547700.0
350;2021-01-13;SPY;0.0;0.0;373.6333312988281;379.7900085449219;380.8599853515625;377.8500061035156;378.69000244140625;45303600.0
351;2021-01-14;SPY;0.0;0.0;372.32489013671875;378.4599914550781;381.1300048828125;378.1000061035156;380.5899963378906;49989100.0
352;2021-01-15;SPY;0.0;0.0;369.6095886230469;375.70001220703125;377.5799865722656;373.70001220703125;376.7200012207031;107160000.0
353;2021-01-16;SPY;0.0;0.0;369.6095886230469;375.70001220703125;377.5799865722656;373.70001220703125;376.7200012207031;107160000.0
354;2021-01-17;SPY;0.0;0.0;369.6095886230469;375.70001220703125;377.5799865722656;373.70001220703125;376.7200012207031;107160000.0
355;2021-01-18;SPY;0.0;0.0;369.6095886230469;375.70001220703125;377.5799865722656;373.70001220703125;376.7200012207031;107160000.0
356;2021-01-19;SPY;0.0;0.0;372.5118103027344;378.6499938964844;379.2300109863281;376.75;378.3399963378906;51233300.0
357;2021-01-20;SPY;0.0;0.0;377.6668701171875;383.8900146484375;384.7900085449219;380.69000244140625;381.1099853515625;61836100.0
358;2021-01-21;SPY;0.0;0.0;378.01116943359375;384.239990234375;384.95001220703125;383.25;384.489990234375;47840100.0
359;2021-01-22;SPY;0.0;0.0;376.6732177734375;382.8800048828125;384.1300048828125;381.8399963378906;382.25;52860500.0
360;2021-01-23;SPY;0.0;0.0;376.6732177734375;382.8800048828125;384.1300048828125;381.8399963378906;382.25;52860500.0
361;2021-01-24;SPY;0.0;0.0;376.6732177734375;382.8800048828125;384.1300048828125;381.8399963378906;382.25;52860500.0
362;2021-01-25;SPY;0.0;0.0;378.15875244140625;384.3900146484375;384.7699890136719;378.4599914550781;383.6700134277344;70402000.0
363;2021-01-26;SPY;0.0;0.0;377.5685119628906;383.7900085449219;385.8500061035156;383.5400085449219;385.4100036621094;42665300.0
364;2021-01-27;SPY;0.0;0.0;368.3405456542969;374.4100036621094;380.32000732421875;372.010009765625;380.2200012207031;123351100.0
365;2021-01-28;SPY;0.0;0.0;371.50836181640625;377.6300048828125;381.92999267578125;375.8900146484375;376.3599853515625;94198100.0
366;2021-01-29;SPY;0.0;0.0;364.0708923339844;370.07000732421875;376.6700134277344;368.2699890136719;375.6300048828125;126765100.0
367;2021-01-30;SPY;0.0;0.0;364.0708923339844;370.07000732421875;376.6700134277344;368.2699890136719;375.6300048828125;126765100.0
368;2021-01-31;SPY;6522.28;0.0;364.0708923339844;370.07000732421875;376.6700134277344;368.2699890136719;375.6300048828125;126765100.0
369;2021-02-01;SPY;0.0;0.0;370.1310119628906;376.2300109863281;377.3399963378906;370.3800048828125;373.7200012207031;75817600.0
370;2021-02-02;SPY;0.0;0.0;375.36480712890625;381.54998779296875;383.2200012207031;376.32000732421875;379.6499938964844;64450700.0
371;2021-02-03;SPY;0.0;104.94;375.6599426269531;381.8500061035156;383.70001220703125;380.4800109863281;382.44000244140625;52427100.0
372;2021-01-04;RKT;0.0;0.0;17.757823944091797;20.0;20.273000717163086;19.84000015258789;20.25;6486900.0
373;2021-01-05;RKT;0.0;0.0;17.660154342651367;19.889999389648438;20.139999389648438;19.809999465942383;19.969999313354492;14297700.0
374;2021-01-06;RKT;0.0;0.0;17.180694580078125;19.350000381469727;19.670000076293945;19.18000030517578;19.510000228881836;16289300.0
375;2021-01-07;RKT;0.0;0.0;17.509212493896484;19.719999313354492;19.889999389648438;19.3700008392334;19.3700008392334;8838300.0
376;2021-01-08;RKT;0.0;0.0;17.713428497314453;19.950000762939453;20.1299991607666;19.719999313354492;19.8700008392334;6596800.0
377;2021-01-09;RKT;0.0;0.0;17.713428497314453;19.950000762939453;20.1299991607666;19.719999313354492;19.8700008392334;6596800.0
378;2021-01-10;RKT;0.0;0.0;17.713428497314453;19.950000762939453;20.1299991607666;19.719999313354492;19.8700008392334;6596800.0
379;2021-01-11;RKT;0.0;0.0;17.615760803222656;19.84000015258789;20.3799991607666;19.68000030517578;19.709999084472656;8002300.0
380;2021-01-12;RKT;0.0;0.0;17.429304122924805;19.6299991607666;20.149999618530273;19.459999084472656;19.93000030517578;7538600.0
381;2021-01-13;RKT;0.0;0.0;17.69567108154297;19.93000030517578;20.100000381469727;19.610000610351562;19.899999618530273;6449900.0
382;2021-01-14;RKT;0.0;0.0;17.899885177612305;20.15999984741211;20.239999771118164;19.91200065612793;20.06999969482422;5979500.0
383;2021-01-15;RKT;0.0;0.0;17.402666091918945;19.600000381469727;20.18000030517578;19.56999969482422;20.09000015258789;7098200.0
384;2021-01-16;RKT;0.0;0.0;17.402666091918945;19.600000381469727;20.18000030517578;19.56999969482422;20.09000015258789;7098200.0
385;2021-01-17;RKT;0.0;0.0;17.402666091918945;19.600000381469727;20.18000030517578;19.56999969482422;20.09000015258789;7098200.0
386;2021-01-18;RKT;0.0;0.0;17.402666091918945;19.600000381469727;20.18000030517578;19.56999969482422;20.09000015258789;7098200.0
387;2021-01-19;RKT;0.0;0.0;17.349393844604492;19.540000915527344;19.68000030517578;19.329999923706055;19.5;6679500.0
388;2021-01-20;RKT;0.0;0.0;17.642398834228516;19.8700008392334;19.90999984741211;19.399999618530273;19.600000381469727;5524400.0
389;2021-01-21;RKT;0.0;0.0;17.731184005737305;19.969999313354492;20.079999923706055;19.610000610351562;19.8799991607666;5051300.0
390;2021-01-22;RKT;0.0;0.0;17.802217483520508;20.049999237060547;20.139999389648438;19.75;19.81999969482422;5070000.0
391;2021-01-23;RKT;0.0;0.0;17.802217483520508;20.049999237060547;20.139999389648438;19.75;19.81999969482422;5070000.0
392;2021-01-24;RKT;0.0;0.0;17.802217483520508;20.049999237060547;20.139999389648438;19.75;19.81999969482422;5070000.0
393;2021-01-25;RKT;0.0;0.0;20.59019660949707;23.190000534057617;23.989999771118164;20.079999923706055;20.25;37726700.0
394;2021-01-26;RKT;0.0;0.0;20.15513038635254;22.700000762939453;23.56999969482422;22.200000762939453;23.5;13717800.0
395;2021-01-27;RKT;0.0;0.0;20.421497344970703;23.0;25.549999237060547;22.559999465942383;23.729999542236328;26631000.0
396;2021-01-28;RKT;0.0;0.0;18.920961380004883;21.309999465942383;23.670000076293945;21.09000015258789;22.989999771118164;13670400.0
397;2021-01-29;RKT;0.0;0.0;18.965354919433594;21.360000610351562;24.5;21.15999984741211;24.299999237060547;21610100.0
398;2021-01-30;RKT;0.0;0.0;18.965354919433594;21.360000610351562;24.5;21.15999984741211;24.299999237060547;21610100.0
399;2021-01-31;RKT;0.0;0.0;18.965354919433594;21.360000610351562;24.5;21.15999984741211;24.299999237060547;21610100.0
400;2021-02-01;RKT;0.0;0.0;19.12517547607422;21.540000915527344;22.030000686645508;21.15999984741211;21.6299991607666;9663600.0
401;2021-02-02;RKT;0.0;0.0;18.592439651489258;20.940000534057617;21.979999542236328;20.93000030517578;21.829999923706055;10117100.0
402;2021-02-03;RKT;0.0;0.0;18.832170486450195;21.209999084472656;22.149999618530273;21.170000076293945;21.600000381469727;12375000.0
403;2021-01-04;CRSR;0.0;0.0;34.75;34.75;37.0;33.75;37.0;2041600.0
404;2021-01-05;CRSR;0.0;0.0;35.900001525878906;35.900001525878906;36.349998474121094;34.20000076293945;34.20000076293945;1422600.0
405;2021-01-06;CRSR;0.0;0.0;37.88999938964844;37.88999938964844;38.79999923706055;35.130001068115234;36.08000183105469;3230500.0
406;2021-01-07;CRSR;0.0;0.0;39.43000030517578;39.43000030517578;40.0;37.72999954223633;38.59000015258789;1851300.0
407;2021-01-08;CRSR;0.0;0.0;38.310001373291016;38.310001373291016;40.40999984741211;37.20500183105469;39.54999923706055;1866600.0
408;2021-01-09;CRSR;0.0;0.0;38.310001373291016;38.310001373291016;40.40999984741211;37.20500183105469;39.54999923706055;1866600.0
409;2021-01-10;CRSR;0.0;0.0;38.310001373291016;38.310001373291016;40.40999984741211;37.20500183105469;39.54999923706055;1866600.0
410;2021-01-11;CRSR;0.0;0.0;39.189998626708984;39.189998626708984;42.20000076293945;37.209999084472656;38.0;3475400.0
411;2021-01-12;CRSR;0.0;0.0;41.9900016784668;41.9900016784668;42.41999816894531;38.709999084472656;40.25;2842600.0
412;2021-01-13;CRSR;0.0;0.0;42.20000076293945;42.20000076293945;44.599998474121094;41.06999969482422;42.060001373291016;3073400.0
413;2021-01-14;CRSR;0.0;0.0;40.29999923706055;40.29999923706055;43.279998779296875;40.06800079345703;42.37799835205078;1991800.0
414;2021-01-15;CRSR;0.0;0.0;38.130001068115234;38.130001068115234;40.20000076293945;37.255001068115234;39.619998931884766;2496600.0
415;2021-01-16;CRSR;0.0;0.0;38.130001068115234;38.130001068115234;40.20000076293945;37.255001068115234;39.619998931884766;2496600.0
416;2021-01-17;CRSR;0.0;0.0;38.130001068115234;38.130001068115234;40.20000076293945;37.255001068115234;39.619998931884766;2496600.0
417;2021-01-18;CRSR;0.0;0.0;38.130001068115234;38.130001068115234;40.20000076293945;37.255001068115234;39.619998931884766;2496600.0
418;2021-01-19;CRSR;0.0;0.0;37.72999954223633;37.72999954223633;39.5;36.400001525878906;39.189998626708984;2641900.0
419;2021-01-20;CRSR;0.0;0.0;36.0;36.0;37.38999938964844;35.25;37.08000183105469;3819900.0
420;2021-01-21;CRSR;0.0;0.0;36.72999954223633;36.72999954223633;36.900001525878906;35.5;36.68000030517578;3443200.0
421;2021-01-22;CRSR;0.0;0.0;38.380001068115234;38.380001068115234;38.900001525878906;35.29999923706055;35.29999923706055;10203300.0
422;2021-01-23;CRSR;0.0;0.0;38.380001068115234;38.380001068115234;38.900001525878906;35.29999923706055;35.29999923706055;10203300.0
423;2021-01-24;CRSR;0.0;0.0;38.380001068115234;38.380001068115234;38.900001525878906;35.29999923706055;35.29999923706055;10203300.0
424;2021-01-25;CRSR;0.0;0.0;39.2599983215332;39.2599983215332;41.9900016784668;35.5099983215332;40.9900016784668;7863000.0
425;2021-01-26;CRSR;0.0;0.0;38.43000030517578;38.43000030517578;40.900001525878906;38.09000015258789;40.400001525878906;4770900.0
426;2021-01-27;CRSR;0.0;0.0;40.9900016784668;40.9900016784668;49.599998474121094;36.36000061035156;37.16999816894531;14549800.0
427;2021-01-28;CRSR;0.0;0.0;38.18000030517578;38.18000030517578;42.95000076293945;37.0099983215332;42.0;5962300.0
428;2021-01-29;CRSR;0.0;0.0;37.779998779296875;37.779998779296875;40.44599914550781;36.65999984741211;38.310001373291016;3552500.0
429;2021-01-30;CRSR;0.0;0.0;37.779998779296875;37.779998779296875;40.44599914550781;36.65999984741211;38.310001373291016;3552500.0
430;2021-01-31;CRSR;0.0;0.0;37.779998779296875;37.779998779296875;40.44599914550781;36.65999984741211;38.310001373291016;3552500.0
431;2021-02-01;CRSR;0.0;0.0;37.27000045776367;37.27000045776367;39.70000076293945;36.04999923706055;38.81800079345703;3920200.0
432;2021-02-02;CRSR;0.0;0.0;38.290000915527344;38.290000915527344;39.263999938964844;37.119998931884766;38.20000076293945;3476800.0
433;2021-02-03;CRSR;653.84;918.84;42.84000015258789;42.84000015258789;43.29999923706055;39.349998474121094;39.380001068115234;5463200.0
434;2021-01-04;BB;0.0;0.0;6.579999923706055;6.579999923706055;6.820000171661377;6.519999980926514;6.699999809265137;11139200.0
435;2021-01-05;BB;0.0;0.0;6.769999980926514;6.769999980926514;6.800000190734863;6.559999942779541;6.619999885559082;9108900.0
436;2021-01-06;BB;0.0;0.0;6.710000038146973;6.710000038146973;6.909999847412109;6.630000114440918;6.710000038146973;11022300.0
437;2021-01-07;BB;616.42;0.0;7.059999942779541;7.059999942779541;7.119999885559082;6.71999979019165;6.75;13062800.0
438;2021-01-08;BB;0.0;0.0;7.559999942779541;7.559999942779541;7.639999866485596;7.099999904632568;7.21999979019165;23039300.0
439;2021-01-09;BB;0.0;0.0;7.559999942779541;7.559999942779541;7.639999866485596;7.099999904632568;7.21999979019165;23039300.0
440;2021-01-10;BB;0.0;0.0;7.559999942779541;7.559999942779541;7.639999866485596;7.099999904632568;7.21999979019165;23039300.0
441;2021-01-11;BB;0.0;0.0;7.650000095367432;7.650000095367432;7.789999961853027;7.320000171661377;7.639999866485596;15720100.0
442;2021-01-12;BB;0.0;0.0;7.630000114440918;7.630000114440918;7.710000038146973;7.480000019073486;7.690000057220459;9416000.0
443;2021-01-13;BB;0.0;0.0;7.440000057220459;7.440000057220459;7.659999847412109;7.400000095367432;7.650000095367432;8345500.0
444;2021-01-14;BB;0.0;0.0;9.109999656677246;9.109999656677246;9.329999923706055;7.46999979019165;7.510000228881836;65231300.0
445;2021-01-15;BB;24218.71;0.0;9.84000015258789;9.84000015258789;11.5600004196167;9.399999618530273;10.680000305175781;153854700.0
446;2021-01-16;BB;7985.849999999999;2764.92;9.84000015258789;9.84000015258789;11.5600004196167;9.399999618530273;10.680000305175781;153854700.0
447;2021-01-17;BB;3271.8199999999997;2620.99;9.84000015258789;9.84000015258789;11.5600004196167;9.399999618530273;10.680000305175781;153854700.0
448;2021-01-18;BB;3741.9599999999996;0.0;9.84000015258789;9.84000015258789;11.5600004196167;9.399999618530273;10.680000305175781;153854700.0
449;2021-01-19;BB;1575.24;10017.08;12.350000381469727;12.350000381469727;12.390000343322754;10.579999923706055;10.850000381469727;112483200.0
450;2021-01-20;BB;13192.82;11071.81;12.789999961853027;12.789999961853027;13.640000343322754;12.380000114440918;13.229999542236328;130140700.0
451;2021-01-21;BB;11377.77;6821.469999999999;12.850000381469727;12.850000381469727;12.949999809265137;12.010000228881836;12.619999885559082;63272900.0
452;2021-01-22;BB;4382.27;1878.8899999999999;14.039999961853027;14.039999961853027;14.279999732971191;12.170000076293945;12.369999885559082;120473600.0
453;2021-01-23;BB;4588.8099999999995;0.0;14.039999961853027;14.039999961853027;14.279999732971191;12.170000076293945;12.369999885559082;120473600.0
454;2021-01-24;BB;8771.77;0.0;14.039999961853027;14.039999961853027;14.279999732971191;12.170000076293945;12.369999885559082;120473600.0
455;2021-01-25;BB;11944.95;0.0;18.030000686645508;18.030000686645508;20.829999923706055;15.739999771118164;19.549999237060547;363829100.0
456;2021-01-26;BB;30953.42;28394.36;18.920000076293945;18.920000076293945;19.510000228881836;17.190000534057617;19.09000015258789;242740800.0
457;2021-01-27;BB;10606.109999999999;9135.6;25.100000381469727;25.100000381469727;28.770000457763672;19.809999465942383;20.25;372222600.0
458;2021-01-28;BB;55055.17;81316.58;14.649999618530273;14.649999618530273;22.5;13.399999618530273;19.469999313354492;194906600.0
459;2021-01-29;BB;279684.41;49748.51;14.100000381469727;14.100000381469727;18.1200008392334;13.6899995803833;17.979999542236328;94049200.0
460;2021-01-30;BB;67297.2;29490.01;14.100000381469727;14.100000381469727;18.1200008392334;13.6899995803833;17.979999542236328;94049200.0
461;2021-01-31;BB;21587.59;3058.0;14.100000381469727;14.100000381469727;18.1200008392334;13.6899995803833;17.979999542236328;94049200.0
462;2021-02-01;BB;4532.27;894.45;14.630000114440918;14.630000114440918;15.539999961853027;12.729999542236328;14.640000343322754;78506000.0
463;2021-02-02;BB;0.0;24401.35;11.550000190734863;11.550000190734863;13.75;11.079999923706055;13.470000267028809;80520900.0
464;2021-02-03;BB;11468.32;10520.5;12.0;12.0;12.470000267028809;11.079999923706055;11.720000267028809;50001300.0
